IDENTITY	REGION	DAY	MONTH	YEAR	TRX_TYPE	TRX_COUNT_PRED
17419935	13	1	6	2019	1	108.96779775156907
17419935	13	1	6	2019	2	9.680265194387893
17419935	13	2	6	2019	1	59.08699602195191
17419935	13	2	6	2019	2	4.1265374366208
17419935	13	3	6	2019	1	109.81489742331112
17419935	13	3	6	2019	2	10.530185649516305
17419935	13	4	6	2019	1	108.75239668185701
17419935	13	4	6	2019	2	10.351644021575098
17419935	13	5	6	2019	1	110.04151008202327
17419935	13	5	6	2019	2	10.070126924766152
17419935	13	6	6	2019	1	103.17191539697409
17419935	13	6	6	2019	2	8.81739827336325
17419935	13	7	6	2019	1	103.28417468316
17419935	13	7	6	2019	2	7.9152969290438
17419935	13	8	6	2019	1	109.56388215297777
17419935	13	8	6	2019	2	7.342154909706469
17419935	13	9	6	2019	1	56.667942171390735
17419935	13	9	6	2019	2	3.466789046873911
17419935	13	10	6	2019	1	100.87427321932024
17419935	13	10	6	2019	2	6.905685345847059
233741221	17	1	6	2019	1	106.95142346198689
233741221	17	1	6	2019	2	8.548346319024626
233741221	17	2	6	2019	1	65.01592286690779
233741221	17	2	6	2019	2	4.159973497035041
233741221	17	3	6	2019	1	112.47548606993706
233741221	17	3	6	2019	2	9.018609716587154
233741221	17	4	6	2019	1	108.88255841518301
233741221	17	4	6	2019	2	9.018145299468328
233741221	17	5	6	2019	1	117.10384773768105
233741221	17	5	6	2019	2	8.943894963079083
233741221	17	6	6	2019	1	113.67101236345347
233741221	17	6	6	2019	2	8.734666207760409
233741221	17	7	6	2019	1	114.48045036716385
233741221	17	7	6	2019	2	8.712196546313663
233741221	17	8	6	2019	1	119.60875801482833
233741221	17	8	6	2019	2	8.575160064116673
233741221	17	9	6	2019	1	61.18044026192248
233741221	17	9	6	2019	2	4.267473441729137
233741221	17	10	6	2019	1	109.62845167958714
233741221	17	10	6	2019	2	8.930180231394548
280545922	13	1	6	2019	1	104.31670472310194
280545922	13	1	6	2019	2	10.937052923877811
280545922	13	2	6	2019	1	41.36703819301617
280545922	13	2	6	2019	2	4.424170387256394
280545922	13	3	6	2019	1	103.7522843371154
280545922	13	3	6	2019	2	11.857410271380664
280545922	13	4	6	2019	1	103.27476845381139
280545922	13	4	6	2019	2	11.778898763388312
280545922	13	5	6	2019	1	104.20169927481791
280545922	13	5	6	2019	2	11.633889692677837
280545922	13	6	6	2019	1	101.03432070026209
280545922	13	6	6	2019	2	10.682142714292668
280545922	13	7	6	2019	1	90.55369000038056
280545922	13	7	6	2019	2	9.667677415620755
280545922	13	8	6	2019	1	90.64828147671469
280545922	13	8	6	2019	2	9.046170010766406
280545922	13	9	6	2019	1	41.21277776630837
280545922	13	9	6	2019	2	4.1687196787779826
280545922	13	10	6	2019	1	85.06832915570844
280545922	13	10	6	2019	2	8.832510069494214
520462337	20	1	6	2019	1	120.81875072197317
520462337	20	1	6	2019	2	7.9150419749405465
520462337	20	2	6	2019	1	86.2764861779303
520462337	20	2	6	2019	2	4.89862091279355
520462337	20	3	6	2019	1	120.07710591612118
520462337	20	3	6	2019	2	8.431912710801246
520462337	20	4	6	2019	1	117.20057940994761
520462337	20	4	6	2019	2	8.171440223505721
520462337	20	5	6	2019	1	116.81188280100098
520462337	20	5	6	2019	2	8.03621244503709
520462337	20	6	6	2019	1	115.38802085494049
520462337	20	6	6	2019	2	7.135226146714508
520462337	20	7	6	2019	1	112.30180684571704
520462337	20	7	6	2019	2	6.902036770602799
520462337	20	8	6	2019	1	115.25471914175431
520462337	20	8	6	2019	2	6.660440600433102
520462337	20	9	6	2019	1	85.62305020948696
520462337	20	9	6	2019	2	4.911752889722766
520462337	20	10	6	2019	1	110.6173047735932
520462337	20	10	6	2019	2	7.4458645304321225
564429665	3	1	6	2019	1	73.65524431051406
564429665	3	1	6	2019	2	16.24709770603793
564429665	3	2	6	2019	1	23.53939761283608
564429665	3	2	6	2019	2	5.194212546083809
564429665	3	3	6	2019	1	81.50590187802821
564429665	3	3	6	2019	2	16.69027003085364
564429665	3	4	6	2019	1	85.6928089533875
564429665	3	4	6	2019	2	15.204510790502479
564429665	3	5	6	2019	1	85.52001134903111
564429665	3	5	6	2019	2	15.01789049413218
564429665	3	6	6	2019	1	80.23190348304087
564429665	3	6	6	2019	2	15.218889269050068
564429665	3	7	6	2019	1	83.77116041034556
564429665	3	7	6	2019	2	13.713939221725981
564429665	3	8	6	2019	1	83.81196462737036
564429665	3	8	6	2019	2	12.898790211014473
564429665	3	9	6	2019	1	23.740266055259656
564429665	3	9	6	2019	2	5.505052959518846
564429665	3	10	6	2019	1	78.99998344417898
564429665	3	10	6	2019	2	11.895525468812238
728628840	18	1	6	2019	1	75.54772868890228
728628840	18	1	6	2019	2	5.633296793255193
728628840	18	2	6	2019	1	70.2116932941929
728628840	18	2	6	2019	2	5.060432900840989
728628840	18	3	6	2019	1	73.4388442371612
728628840	18	3	6	2019	2	5.98823467863468
728628840	18	4	6	2019	1	72.88647371879067
728628840	18	4	6	2019	2	5.884918593459571
728628840	18	5	6	2019	1	75.28895720385135
728628840	18	5	6	2019	2	5.886206498171816
728628840	18	6	6	2019	1	77.12082087204593
728628840	18	6	6	2019	2	6.052171247668123
728628840	18	7	6	2019	1	77.98322858932866
728628840	18	7	6	2019	2	6.638006293663893
728628840	18	8	6	2019	1	79.02800826512672
728628840	18	8	6	2019	2	6.937259371038871
728628840	18	9	6	2019	1	64.77298849114851
728628840	18	9	6	2019	2	5.108746413717001
728628840	18	10	6	2019	1	81.23636894067839
728628840	18	10	6	2019	2	7.687777853801988
746653048	15	1	6	2019	1	104.32955984334296
746653048	15	1	6	2019	2	11.016561724567145
746653048	15	2	6	2019	1	34.68639471657512
746653048	15	2	6	2019	2	3.389621491840191
746653048	15	3	6	2019	1	123.89674733576108
746653048	15	3	6	2019	2	11.813406270733852
746653048	15	4	6	2019	1	119.93782815118747
746653048	15	4	6	2019	2	12.100126556167375
746653048	15	5	6	2019	1	129.26161109846035
746653048	15	5	6	2019	2	12.054707147145026
746653048	15	6	6	2019	1	120.06485926532625
746653048	15	6	6	2019	2	11.634634325681143
746653048	15	7	6	2019	1	115.37375486166749
746653048	15	7	6	2019	2	11.128423145478472
746653048	15	8	6	2019	1	114.55763392371736
746653048	15	8	6	2019	2	10.633086045078867
746653048	15	9	6	2019	1	31.081355435186573
746653048	15	9	6	2019	2	2.7529571834542033
746653048	15	10	6	2019	1	96.88937552061375
746653048	15	10	6	2019	2	9.277501386832064
780319529	18	1	6	2019	1	72.4300948203199
780319529	18	1	6	2019	2	6.205293461300134
780319529	18	2	6	2019	1	70.37625515130294
780319529	18	2	6	2019	2	5.591464011886803
780319529	18	3	6	2019	1	71.23293760661858
780319529	18	3	6	2019	2	6.677196907065371
780319529	18	4	6	2019	1	71.20846108314203
780319529	18	4	6	2019	2	6.785998272057052
780319529	18	5	6	2019	1	73.04903793317104
780319529	18	5	6	2019	2	6.805331622749562
780319529	18	6	6	2019	1	73.836041772469
780319529	18	6	6	2019	2	6.366732090494894
780319529	18	7	6	2019	1	73.37336677385652
780319529	18	7	6	2019	2	6.455284870679004
780319529	18	8	6	2019	1	71.44211188547006
780319529	18	8	6	2019	2	6.486207474781846
780319529	18	9	6	2019	1	70.5919912114674
780319529	18	9	6	2019	2	6.107833746319034
780319529	18	10	6	2019	1	72.11165252027385
780319529	18	10	6	2019	2	7.75133943377487
881793234	2	1	6	2019	1	89.45380995576062
881793234	2	1	6	2019	2	7.240057956160122
881793234	2	2	6	2019	1	42.99336119885015
881793234	2	2	6	2019	2	3.640945890881209
881793234	2	3	6	2019	1	89.0504775243032
881793234	2	3	6	2019	2	7.146676826142401
881793234	2	4	6	2019	1	88.02775586401904
881793234	2	4	6	2019	2	6.763083841348478
881793234	2	5	6	2019	1	87.76961167487484
881793234	2	5	6	2019	2	6.6755474261597785
881793234	2	6	6	2019	1	84.92740159328977
881793234	2	6	6	2019	2	6.3855847497735025
881793234	2	7	6	2019	1	79.28910872175204
881793234	2	7	6	2019	2	6.434816753880504
881793234	2	8	6	2019	1	74.77848115998633
881793234	2	8	6	2019	2	6.563001997999574
881793234	2	9	6	2019	1	40.53058329946198
881793234	2	9	6	2019	2	3.7739391325118454
881793234	2	10	6	2019	1	72.23604228635995
881793234	2	10	6	2019	2	6.638271273255116
1143004967	11	1	6	2019	1	73.38912587434062
1143004967	11	1	6	2019	2	5.8512206846029144
1143004967	11	2	6	2019	1	57.74346260116733
1143004967	11	2	6	2019	2	3.7103519250114556
1143004967	11	3	6	2019	1	69.68143289523512
1143004967	11	3	6	2019	2	6.273857538970117
1143004967	11	4	6	2019	1	73.83235784066726
1143004967	11	4	6	2019	2	6.152643526513268
1143004967	11	5	6	2019	1	78.35896951343723
1143004967	11	5	6	2019	2	6.215839223588079
1143004967	11	6	6	2019	1	76.84889949646589
1143004967	11	6	6	2019	2	5.984857899356757
1143004967	11	7	6	2019	1	71.0388051441247
1143004967	11	7	6	2019	2	5.658552796021411
1143004967	11	8	6	2019	1	69.26476717297992
1143004967	11	8	6	2019	2	5.538561211256307
1143004967	11	9	6	2019	1	56.93918306983269
1143004967	11	9	6	2019	2	3.2482960706584127
1143004967	11	10	6	2019	1	66.2339989070826
1143004967	11	10	6	2019	2	5.5993600528052285
1548999825	19	1	6	2019	1	127.90535959456788
1548999825	19	1	6	2019	2	5.5925912389554
1548999825	19	2	6	2019	1	53.784296349075774
1548999825	19	2	6	2019	2	1.4807105496627557
1548999825	19	3	6	2019	1	123.03757753671346
1548999825	19	3	6	2019	2	4.308014827063203
1548999825	19	4	6	2019	1	119.67848567800023
1548999825	19	4	6	2019	2	4.395841710147439
1548999825	19	5	6	2019	1	119.46632911234366
1548999825	19	5	6	2019	2	4.4519228842837615
1548999825	19	6	6	2019	1	118.55939089084293
1548999825	19	6	6	2019	2	4.409820772751502
1548999825	19	7	6	2019	1	119.37795194784148
1548999825	19	7	6	2019	2	4.3525682997343225
1548999825	19	8	6	2019	1	128.80551076501334
1548999825	19	8	6	2019	2	4.3762969934262514
1548999825	19	9	6	2019	1	45.705534569189005
1548999825	19	9	6	2019	2	1.1485464776236833
1548999825	19	10	6	2019	1	125.66724962827428
1548999825	19	10	6	2019	2	4.50750563200989
1719546898	16	1	6	2019	1	112.90390095525392
1719546898	16	1	6	2019	2	10.087451785551051
1719546898	16	2	6	2019	1	77.66385978523108
1719546898	16	2	6	2019	2	6.962790225778553
1719546898	16	3	6	2019	1	118.14864962166317
1719546898	16	3	6	2019	2	10.362963128782987
1719546898	16	4	6	2019	1	114.00118257604541
1719546898	16	4	6	2019	2	10.357805300500159
1719546898	16	5	6	2019	1	119.31301089699775
1719546898	16	5	6	2019	2	10.329916411611269
1719546898	16	6	6	2019	1	116.2960984348684
1719546898	16	6	6	2019	2	10.207425971495827
1719546898	16	7	6	2019	1	113.69068061761214
1719546898	16	7	6	2019	2	10.140644017338872
1719546898	16	8	6	2019	1	116.05325476068182
1719546898	16	8	6	2019	2	9.822885678455531
1719546898	16	9	6	2019	1	77.55760769826577
1719546898	16	9	6	2019	2	6.583490060665891
1719546898	16	10	6	2019	1	112.2724978643488
1719546898	16	10	6	2019	2	9.888474810320401
1787422269	7	1	6	2019	1	96.23782623136668
1787422269	7	1	6	2019	2	5.651807730173144
1787422269	7	2	6	2019	1	64.4525303529245
1787422269	7	2	6	2019	2	3.3562423265896353
1787422269	7	3	6	2019	1	96.07938586063023
1787422269	7	3	6	2019	2	6.009800069936603
1787422269	7	4	6	2019	1	97.83208870517129
1787422269	7	4	6	2019	2	5.7575058003163635
1787422269	7	5	6	2019	1	99.19211848402249
1787422269	7	5	6	2019	2	5.77576712840886
1787422269	7	6	6	2019	1	91.3417161860972
1787422269	7	6	6	2019	2	5.542025591907812
1787422269	7	7	6	2019	1	90.76836341324655
1787422269	7	7	6	2019	2	5.1655552618197715
1787422269	7	8	6	2019	1	87.00900041023651
1787422269	7	8	6	2019	2	5.148580877468914
1787422269	7	9	6	2019	1	59.33828096501972
1787422269	7	9	6	2019	2	3.5681178981229125
1787422269	7	10	6	2019	1	85.98577745263857
1787422269	7	10	6	2019	2	5.18211121135021
1804676971	7	1	6	2019	1	111.14539560295376
1804676971	7	1	6	2019	2	5.0555069091125615
1804676971	7	2	6	2019	1	65.93484118102828
1804676971	7	2	6	2019	2	2.9291948039939717
1804676971	7	3	6	2019	1	111.76428065091237
1804676971	7	3	6	2019	2	5.635360499487425
1804676971	7	4	6	2019	1	109.66875938453254
1804676971	7	4	6	2019	2	5.250291579415874
1804676971	7	5	6	2019	1	110.39416650641398
1804676971	7	5	6	2019	2	5.257681903496678
1804676971	7	6	6	2019	1	109.32224736795433
1804676971	7	6	6	2019	2	4.907672090022009
1804676971	7	7	6	2019	1	107.51634961628503
1804676971	7	7	6	2019	2	4.797308141543585
1804676971	7	8	6	2019	1	103.0923433522103
1804676971	7	8	6	2019	2	4.782371249079488
1804676971	7	9	6	2019	1	62.13656277642637
1804676971	7	9	6	2019	2	3.0351804660463237
1804676971	7	10	6	2019	1	98.36767688039522
1804676971	7	10	6	2019	2	4.792277977013929
1817164026	20	1	6	2019	1	76.6344988018088
1817164026	20	1	6	2019	2	7.61618189270391
1817164026	20	2	6	2019	1	77.19649741394231
1817164026	20	2	6	2019	2	5.838305592506764
1817164026	20	3	6	2019	1	74.71121303610391
1817164026	20	3	6	2019	2	8.449557707992591
1817164026	20	4	6	2019	1	74.64208428985016
1817164026	20	4	6	2019	2	8.62898514095225
1817164026	20	5	6	2019	1	78.46322618961705
1817164026	20	5	6	2019	2	8.644520827170432
1817164026	20	6	6	2019	1	79.42951758490476
1817164026	20	6	6	2019	2	8.587401523455853
1817164026	20	7	6	2019	1	79.18570141496357
1817164026	20	7	6	2019	2	8.362435587255725
1817164026	20	8	6	2019	1	77.82883072182372
1817164026	20	8	6	2019	2	8.271081150842464
1817164026	20	9	6	2019	1	59.329582776292334
1817164026	20	9	6	2019	2	5.3948348953118055
1817164026	20	10	6	2019	1	78.50162682918216
1817164026	20	10	6	2019	2	8.580195850849538
1902912455	19	1	6	2019	1	84.9096454108757
1902912455	19	1	6	2019	2	11.35407037119227
1902912455	19	2	6	2019	1	37.04966702056543
1902912455	19	2	6	2019	2	4.507126142484826
1902912455	19	3	6	2019	1	86.22645041413692
1902912455	19	3	6	2019	2	11.056179147649734
1902912455	19	4	6	2019	1	84.29192556888411
1902912455	19	4	6	2019	2	11.265653971437054
1902912455	19	5	6	2019	1	84.2806172608566
1902912455	19	5	6	2019	2	10.772563436971526
1902912455	19	6	6	2019	1	82.78149849889962
1902912455	19	6	6	2019	2	10.759578893736983
1902912455	19	7	6	2019	1	82.49866227303397
1902912455	19	7	6	2019	2	11.45377482901515
1902912455	19	8	6	2019	1	72.74884218544186
1902912455	19	8	6	2019	2	11.291481357501288
1902912455	19	9	6	2019	1	41.87432724963377
1902912455	19	9	6	2019	2	4.960495924663431
1902912455	19	10	6	2019	1	68.59587836183425
1902912455	19	10	6	2019	2	11.970772483042413
1908117039	20	1	6	2019	1	106.2816892556188
1908117039	20	1	6	2019	2	12.856478488079697
1908117039	20	2	6	2019	1	65.93230779656365
1908117039	20	2	6	2019	2	5.3890389714774365
1908117039	20	3	6	2019	1	110.0972729962246
1908117039	20	3	6	2019	2	13.310228269451565
1908117039	20	4	6	2019	1	111.30018824070234
1908117039	20	4	6	2019	2	13.168997367291295
1908117039	20	5	6	2019	1	122.45109555275312
1908117039	20	5	6	2019	2	13.700458572000757
1908117039	20	6	6	2019	1	126.73679231391672
1908117039	20	6	6	2019	2	13.341879760547334
1908117039	20	7	6	2019	1	126.08308349495788
1908117039	20	7	6	2019	2	12.773658213368169
1908117039	20	8	6	2019	1	123.89294845546178
1908117039	20	8	6	2019	2	12.544126903282484
1908117039	20	9	6	2019	1	89.57845940619836
1908117039	20	9	6	2019	2	8.62859951235125
1908117039	20	10	6	2019	1	111.36400696519242
1908117039	20	10	6	2019	2	11.628309204082816
1959848986	19	1	6	2019	1	138.85066475814352
1959848986	19	1	6	2019	2	2.6742790278392072
1959848986	19	2	6	2019	1	65.38208486284957
1959848986	19	2	6	2019	2	2.946065218622106
1959848986	19	3	6	2019	1	137.47884587600228
1959848986	19	3	6	2019	2	2.5525687919966185
1959848986	19	4	6	2019	1	134.37924515237953
1959848986	19	4	6	2019	2	2.5787353684756953
1959848986	19	5	6	2019	1	133.03931157207091
1959848986	19	5	6	2019	2	2.612263340503667
1959848986	19	6	6	2019	1	132.80426243772575
1959848986	19	6	6	2019	2	2.6596304803083073
1959848986	19	7	6	2019	1	131.7235256279669
1959848986	19	7	6	2019	2	2.597873209801037
1959848986	19	8	6	2019	1	145.79899232256398
1959848986	19	8	6	2019	2	2.548247224675052
1959848986	19	9	6	2019	1	62.086283800414414
1959848986	19	9	6	2019	2	2.575967850536087
1959848986	19	10	6	2019	1	144.94100534426445
1959848986	19	10	6	2019	2	2.010477398611881
2044016829	5	1	6	2019	1	51.86991166549738
2044016829	5	1	6	2019	2	4.168351758978314
2044016829	5	2	6	2019	1	23.17764629322776
2044016829	5	2	6	2019	2	2.2669277750668217
2044016829	5	3	6	2019	1	51.56368967221292
2044016829	5	3	6	2019	2	4.071058026566935
2044016829	5	4	6	2019	1	49.60148439301499
2044016829	5	4	6	2019	2	3.6789137039777593
2044016829	5	5	6	2019	1	50.49284896879867
2044016829	5	5	6	2019	2	4.0410074906258915
2044016829	5	6	6	2019	1	50.477105052627124
2044016829	5	6	6	2019	2	4.13797000727591
2044016829	5	7	6	2019	1	50.4208695150309
2044016829	5	7	6	2019	2	3.954056456056843
2044016829	5	8	6	2019	1	50.625678380593435
2044016829	5	8	6	2019	2	4.154507033257419
2044016829	5	9	6	2019	1	21.103757475346292
2044016829	5	9	6	2019	2	2.3027643172848227
2044016829	5	10	6	2019	1	46.118334927993395
2044016829	5	10	6	2019	2	4.247519564005825
2056753503	1	1	6	2019	1	94.21915185917018
2056753503	1	1	6	2019	2	4.948820292573968
2056753503	1	2	6	2019	1	78.1731312877439
2056753503	1	2	6	2019	2	6.369817729763352
2056753503	1	3	6	2019	1	93.61580943273285
2056753503	1	3	6	2019	2	5.171011650399151
2056753503	1	4	6	2019	1	93.27789640935272
2056753503	1	4	6	2019	2	4.852410333415481
2056753503	1	5	6	2019	1	92.57813024897801
2056753503	1	5	6	2019	2	4.893927370497172
2056753503	1	6	6	2019	1	88.97735222759283
2056753503	1	6	6	2019	2	5.094894128004371
2056753503	1	7	6	2019	1	95.1923533788109
2056753503	1	7	6	2019	2	4.916067650968335
2056753503	1	8	6	2019	1	96.20940872624128
2056753503	1	8	6	2019	2	5.013001788726
2056753503	1	9	6	2019	1	77.85604639061488
2056753503	1	9	6	2019	2	6.693148553291406
2056753503	1	10	6	2019	1	97.20860413663155
2056753503	1	10	6	2019	2	5.1696028559594245
2096665437	2	1	6	2019	1	114.89509679344994
2096665437	2	1	6	2019	2	7.5256241662748975
2096665437	2	2	6	2019	1	73.12424914475358
2096665437	2	2	6	2019	2	4.476917850599785
2096665437	2	3	6	2019	1	115.06827478212794
2096665437	2	3	6	2019	2	7.547442023417755
2096665437	2	4	6	2019	1	114.59427104974917
2096665437	2	4	6	2019	2	7.408264579151494
2096665437	2	5	6	2019	1	113.7353742406759
2096665437	2	5	6	2019	2	7.406157748482162
2096665437	2	6	6	2019	1	112.30283458343776
2096665437	2	6	6	2019	2	7.598726388175801
2096665437	2	7	6	2019	1	111.37019621526997
2096665437	2	7	6	2019	2	7.130396946783865
2096665437	2	8	6	2019	1	104.74426459069404
2096665437	2	8	6	2019	2	7.373520047980495
2096665437	2	9	6	2019	1	74.13205857143801
2096665437	2	9	6	2019	2	4.755458866038598
2096665437	2	10	6	2019	1	98.51161465147341
2096665437	2	10	6	2019	2	7.539013608178469
2202273924	9	1	6	2019	1	141.85196670608806
2202273924	9	1	6	2019	2	18.033149649391714
2202273924	9	2	6	2019	1	60.15889725807818
2202273924	9	2	6	2019	2	6.44724689403733
2202273924	9	3	6	2019	1	149.6497165828453
2202273924	9	3	6	2019	2	17.485373023240093
2202273924	9	4	6	2019	1	145.13491075917554
2202273924	9	4	6	2019	2	17.06211029766158
2202273924	9	5	6	2019	1	142.9150676370199
2202273924	9	5	6	2019	2	16.70051234822539
2202273924	9	6	6	2019	1	139.33779804386793
2202273924	9	6	6	2019	2	16.35178304673913
2202273924	9	7	6	2019	1	127.3280671065046
2202273924	9	7	6	2019	2	15.993710771791855
2202273924	9	8	6	2019	1	123.48429166849233
2202273924	9	8	6	2019	2	16.162044509949123
2202273924	9	9	6	2019	1	57.294837806184425
2202273924	9	9	6	2019	2	6.415013798701296
2202273924	9	10	6	2019	1	120.50928431677539
2202273924	9	10	6	2019	2	15.48909433196663
2290018626	14	1	6	2019	1	58.915744818498496
2290018626	14	1	6	2019	2	9.669950790992004
2290018626	14	2	6	2019	1	20.898290130986144
2290018626	14	2	6	2019	2	3.528137854134641
2290018626	14	3	6	2019	1	64.15654968814295
2290018626	14	3	6	2019	2	10.316866346623101
2290018626	14	4	6	2019	1	63.94176061814434
2290018626	14	4	6	2019	2	10.202687871052406
2290018626	14	5	6	2019	1	81.16713417799949
2290018626	14	5	6	2019	2	10.69340803569169
2290018626	14	6	6	2019	1	81.16456709067505
2290018626	14	6	6	2019	2	9.853675700830557
2290018626	14	7	6	2019	1	69.00245979306641
2290018626	14	7	6	2019	2	9.03019188517511
2290018626	14	8	6	2019	1	70.77838115298873
2290018626	14	8	6	2019	2	8.410333805324964
2290018626	14	9	6	2019	1	18.100365632024488
2290018626	14	9	6	2019	2	2.7840945827567736
2290018626	14	10	6	2019	1	65.23755900940307
2290018626	14	10	6	2019	2	8.033978784185113
2290604134	13	1	6	2019	1	122.40153065727276
2290604134	13	1	6	2019	2	8.507657625801112
2290604134	13	2	6	2019	1	65.39131367243868
2290604134	13	2	6	2019	2	4.0548318255546425
2290604134	13	3	6	2019	1	119.82203314014843
2290604134	13	3	6	2019	2	9.214283604382734
2290604134	13	4	6	2019	1	114.297343472897
2290604134	13	4	6	2019	2	8.745190979592268
2290604134	13	5	6	2019	1	118.55887550190604
2290604134	13	5	6	2019	2	8.52088617347643
2290604134	13	6	6	2019	1	115.36110308800248
2290604134	13	6	6	2019	2	7.483519080497241
2290604134	13	7	6	2019	1	113.8364397932649
2290604134	13	7	6	2019	2	6.837326352879687
2290604134	13	8	6	2019	1	117.56663832991491
2290604134	13	8	6	2019	2	6.454358226535333
2290604134	13	9	6	2019	1	63.612791667890924
2290604134	13	9	6	2019	2	3.2809292812943043
2290604134	13	10	6	2019	1	103.4951264611937
2290604134	13	10	6	2019	2	6.422848522161247
2298030412	4	1	6	2019	1	87.4431023782289
2298030412	4	1	6	2019	2	13.325597561043196
2298030412	4	2	6	2019	1	9.857156978105316
2298030412	4	2	6	2019	2	1.5572145820940335
2298030412	4	3	6	2019	1	91.29694585492337
2298030412	4	3	6	2019	2	13.23214701962555
2298030412	4	4	6	2019	1	89.36566463221158
2298030412	4	4	6	2019	2	12.546015530028113
2298030412	4	5	6	2019	1	92.95090486478179
2298030412	4	5	6	2019	2	12.728633883896471
2298030412	4	6	6	2019	1	87.4960714477516
2298030412	4	6	6	2019	2	12.232191329374968
2298030412	4	7	6	2019	1	86.98073164172429
2298030412	4	7	6	2019	2	12.10613861125975
2298030412	4	8	6	2019	1	87.80726693323017
2298030412	4	8	6	2019	2	11.887296456811173
2298030412	4	9	6	2019	1	10.939636748463954
2298030412	4	9	6	2019	2	1.183981637407141
2298030412	4	10	6	2019	1	85.9191103871619
2298030412	4	10	6	2019	2	12.13750837264731
2430962943	14	1	6	2019	1	68.60930533559576
2430962943	14	1	6	2019	2	8.190645854220652
2430962943	14	2	6	2019	1	30.870575898546758
2430962943	14	2	6	2019	2	3.431906289698315
2430962943	14	3	6	2019	1	76.32101884851906
2430962943	14	3	6	2019	2	9.038874694830328
2430962943	14	4	6	2019	1	79.32859127037824
2430962943	14	4	6	2019	2	9.202948248491147
2430962943	14	5	6	2019	1	94.3682629510797
2430962943	14	5	6	2019	2	9.510908139918751
2430962943	14	6	6	2019	1	89.52878125956859
2430962943	14	6	6	2019	2	9.205135484069158
2430962943	14	7	6	2019	1	87.36985008331021
2430962943	14	7	6	2019	2	8.635337237826263
2430962943	14	8	6	2019	1	82.58110652292758
2430962943	14	8	6	2019	2	8.26991255613097
2430962943	14	9	6	2019	1	28.778241935532648
2430962943	14	9	6	2019	2	2.7876041652277768
2430962943	14	10	6	2019	1	76.50262943100505
2430962943	14	10	6	2019	2	8.21532444420105
2471550189	17	1	6	2019	1	106.60024511623136
2471550189	17	1	6	2019	2	8.14758918780176
2471550189	17	2	6	2019	1	63.67591082356756
2471550189	17	2	6	2019	2	4.132042046133002
2471550189	17	3	6	2019	1	111.55036811260204
2471550189	17	3	6	2019	2	8.663406514623283
2471550189	17	4	6	2019	1	107.84280460758713
2471550189	17	4	6	2019	2	8.703676293962054
2471550189	17	5	6	2019	1	115.58332956850074
2471550189	17	5	6	2019	2	8.678244739285969
2471550189	17	6	6	2019	1	112.40389176088787
2471550189	17	6	6	2019	2	8.541458528984084
2471550189	17	7	6	2019	1	113.32871873877758
2471550189	17	7	6	2019	2	8.319066913213621
2471550189	17	8	6	2019	1	119.09657297119979
2471550189	17	8	6	2019	2	8.088984896288343
2471550189	17	9	6	2019	1	60.19643053407724
2471550189	17	9	6	2019	2	4.055329891475608
2471550189	17	10	6	2019	1	109.41842504944054
2471550189	17	10	6	2019	2	8.172868165282829
2600763243	20	1	6	2019	1	82.57571025981238
2600763243	20	1	6	2019	2	6.63171234379942
2600763243	20	2	6	2019	1	58.870512184710705
2600763243	20	2	6	2019	2	4.1282445754870665
2600763243	20	3	6	2019	1	77.0855336659814
2600763243	20	3	6	2019	2	7.071140701103784
2600763243	20	4	6	2019	1	77.82703941717465
2600763243	20	4	6	2019	2	7.346292710355744
2600763243	20	5	6	2019	1	78.73911553550074
2600763243	20	5	6	2019	2	7.449387873854183
2600763243	20	6	6	2019	1	76.3512145380419
2600763243	20	6	6	2019	2	7.012417864006938
2600763243	20	7	6	2019	1	74.90007730640099
2600763243	20	7	6	2019	2	6.784687015570044
2600763243	20	8	6	2019	1	74.5775539637306
2600763243	20	8	6	2019	2	6.53432654760664
2600763243	20	9	6	2019	1	47.018208969930164
2600763243	20	9	6	2019	2	4.116682404824107
2600763243	20	10	6	2019	1	73.84365498115574
2600763243	20	10	6	2019	2	6.819173459481302
2692079302	10	1	6	2019	1	60.81577066111991
2692079302	10	1	6	2019	2	4.345077141009868
2692079302	10	2	6	2019	1	37.678750614409665
2692079302	10	2	6	2019	2	3.4504470063053443
2692079302	10	3	6	2019	1	59.468173434580564
2692079302	10	3	6	2019	2	4.456977911936569
2692079302	10	4	6	2019	1	60.1658464054006
2692079302	10	4	6	2019	2	4.626802916846519
2692079302	10	5	6	2019	1	60.968886040838264
2692079302	10	5	6	2019	2	4.655844737905106
2692079302	10	6	6	2019	1	61.560213185099244
2692079302	10	6	6	2019	2	4.340009873423181
2692079302	10	7	6	2019	1	52.44712459884885
2692079302	10	7	6	2019	2	3.967984313291449
2692079302	10	8	6	2019	1	49.63214988973443
2692079302	10	8	6	2019	2	3.7154555932369946
2692079302	10	9	6	2019	1	35.03291985096089
2692079302	10	9	6	2019	2	3.2296208639048842
2692079302	10	10	6	2019	1	50.465458350301205
2692079302	10	10	6	2019	2	3.7882226346713934
2803169495	12	1	6	2019	1	148.0508359201643
2803169495	12	1	6	2019	2	12.204620567642781
2803169495	12	2	6	2019	1	108.09025587810878
2803169495	12	2	6	2019	2	11.323847194558109
2803169495	12	3	6	2019	1	141.3877729538049
2803169495	12	3	6	2019	2	12.391355944194336
2803169495	12	4	6	2019	1	140.78105647543035
2803169495	12	4	6	2019	2	12.305977149378043
2803169495	12	5	6	2019	1	141.86408583985678
2803169495	12	5	6	2019	2	12.324198469724363
2803169495	12	6	6	2019	1	134.34037295216822
2803169495	12	6	6	2019	2	11.56717905857995
2803169495	12	7	6	2019	1	120.55773321048147
2803169495	12	7	6	2019	2	9.976390022860773
2803169495	12	8	6	2019	1	121.74762234248381
2803169495	12	8	6	2019	2	9.42942477684947
2803169495	12	9	6	2019	1	100.34854627360082
2803169495	12	9	6	2019	2	9.612935342800474
2803169495	12	10	6	2019	1	114.00113627299774
2803169495	12	10	6	2019	2	9.49160794382869
2845704036	8	1	6	2019	1	67.43370016421486
2845704036	8	1	6	2019	2	5.287764762507082
2845704036	8	2	6	2019	1	36.78819075182212
2845704036	8	2	6	2019	2	3.4273379191934845
2845704036	8	3	6	2019	1	66.5267667875425
2845704036	8	3	6	2019	2	5.933360537936566
2845704036	8	4	6	2019	1	64.22098654694975
2845704036	8	4	6	2019	2	5.893381324585841
2845704036	8	5	6	2019	1	63.377532897249786
2845704036	8	5	6	2019	2	5.988354846492823
2845704036	8	6	6	2019	1	63.573347167710125
2845704036	8	6	6	2019	2	5.892898942842277
2845704036	8	7	6	2019	1	62.323471507466614
2845704036	8	7	6	2019	2	5.700438885302583
2845704036	8	8	6	2019	1	63.29390366436201
2845704036	8	8	6	2019	2	5.590670844525731
2845704036	8	9	6	2019	1	37.51646579622217
2845704036	8	9	6	2019	2	3.480556249249432
2845704036	8	10	6	2019	1	61.222291861948726
2845704036	8	10	6	2019	2	5.3992570477111235
2923411006	6	1	6	2019	1	87.56475279744765
2923411006	6	1	6	2019	2	5.910231303917218
2923411006	6	2	6	2019	1	64.33149633435447
2923411006	6	2	6	2019	2	3.1026925402998775
2923411006	6	3	6	2019	1	89.74929700373156
2923411006	6	3	6	2019	2	5.955166164850916
2923411006	6	4	6	2019	1	85.46515764337143
2923411006	6	4	6	2019	2	5.676770040181268
2923411006	6	5	6	2019	1	90.09547694266517
2923411006	6	5	6	2019	2	5.825719165230937
2923411006	6	6	6	2019	1	87.21025742150006
2923411006	6	6	6	2019	2	5.7740280904425285
2923411006	6	7	6	2019	1	85.4873537806148
2923411006	6	7	6	2019	2	5.344666406777349
2923411006	6	8	6	2019	1	86.70147198838742
2923411006	6	8	6	2019	2	5.468030375292002
2923411006	6	9	6	2019	1	59.881415835712254
2923411006	6	9	6	2019	2	3.337634737593666
2923411006	6	10	6	2019	1	86.56171271702155
2923411006	6	10	6	2019	2	5.644593874648435
2953253955	16	1	6	2019	1	107.44797770158544
2953253955	16	1	6	2019	2	12.312434115720878
2953253955	16	2	6	2019	1	63.282205592524086
2953253955	16	2	6	2019	2	5.776730365051186
2953253955	16	3	6	2019	1	109.08624791185338
2953253955	16	3	6	2019	2	11.422894702111618
2953253955	16	4	6	2019	1	104.98886454900021
2953253955	16	4	6	2019	2	11.096449966291884
2953253955	16	5	6	2019	1	109.70700418241461
2953253955	16	5	6	2019	2	11.789663470516414
2953253955	16	6	6	2019	1	106.36547090577122
2953253955	16	6	6	2019	2	11.954069136958042
2953253955	16	7	6	2019	1	105.71321307261711
2953253955	16	7	6	2019	2	11.121936830947059
2953253955	16	8	6	2019	1	110.04538096930588
2953253955	16	8	6	2019	2	10.8440700281592
2953253955	16	9	6	2019	1	59.464053617714455
2953253955	16	9	6	2019	2	5.853312542677481
2953253955	16	10	6	2019	1	102.01296703249443
2953253955	16	10	6	2019	2	10.819075515546764
3335853404	9	1	6	2019	1	19.86867933558529
3335853404	9	1	6	2019	2	2.616175986015189
3335853404	9	2	6	2019	1	0.08948410617160618
3335853404	9	2	6	2019	2	0.0
3335853404	9	3	6	2019	1	25.555943793349737
3335853404	9	3	6	2019	2	2.6875528294804614
3335853404	9	4	6	2019	1	24.389898047837082
3335853404	9	4	6	2019	2	2.8898558401952363
3335853404	9	5	6	2019	1	23.612074996705218
3335853404	9	5	6	2019	2	2.6849282400176366
3335853404	9	6	6	2019	1	21.544676846029773
3335853404	9	6	6	2019	2	3.1272954644684536
3335853404	9	7	6	2019	1	19.514354336023455
3335853404	9	7	6	2019	2	1.7222816125867602
3335853404	9	8	6	2019	1	20.399067296673923
3335853404	9	8	6	2019	2	1.7740435491795787
3335853404	9	9	6	2019	1	0.0644642649017649
3335853404	9	9	6	2019	2	0.0
3335853404	9	10	6	2019	1	20.892858783459396
3335853404	9	10	6	2019	2	2.1554294284147217
3427812780	8	1	6	2019	1	102.65574172557317
3427812780	8	1	6	2019	2	9.777493008668323
3427812780	8	2	6	2019	1	65.56894222255211
3427812780	8	2	6	2019	2	6.337157027158132
3427812780	8	3	6	2019	1	104.33605774387259
3427812780	8	3	6	2019	2	9.880534044021859
3427812780	8	4	6	2019	1	106.06313861316667
3427812780	8	4	6	2019	2	10.366440755215724
3427812780	8	5	6	2019	1	107.16502092837041
3427812780	8	5	6	2019	2	10.5238139306514
3427812780	8	6	6	2019	1	103.73860655499473
3427812780	8	6	6	2019	2	10.617247690518981
3427812780	8	7	6	2019	1	103.83709550986079
3427812780	8	7	6	2019	2	10.518623828270119
3427812780	8	8	6	2019	1	103.81131451512027
3427812780	8	8	6	2019	2	10.565423726041768
3427812780	8	9	6	2019	1	67.28370742567975
3427812780	8	9	6	2019	2	6.041219242720347
3427812780	8	10	6	2019	1	100.61529494645363
3427812780	8	10	6	2019	2	10.354142266488246
3429896726	13	1	6	2019	1	117.37499752043198
3429896726	13	1	6	2019	2	8.344061444204929
3429896726	13	2	6	2019	1	66.85942529325251
3429896726	13	2	6	2019	2	3.9602472580668895
3429896726	13	3	6	2019	1	113.93926868528355
3429896726	13	3	6	2019	2	8.817694020355654
3429896726	13	4	6	2019	1	109.04354025124336
3429896726	13	4	6	2019	2	8.561159526761475
3429896726	13	5	6	2019	1	115.39171302454854
3429896726	13	5	6	2019	2	8.296772962126381
3429896726	13	6	6	2019	1	110.59141713996361
3429896726	13	6	6	2019	2	7.471468878752238
3429896726	13	7	6	2019	1	109.44252671165694
3429896726	13	7	6	2019	2	6.450743572873066
3429896726	13	8	6	2019	1	113.49870406075264
3429896726	13	8	6	2019	2	5.906058910141119
3429896726	13	9	6	2019	1	65.23485309665824
3429896726	13	9	6	2019	2	3.2746541784646985
3429896726	13	10	6	2019	1	100.94673586282141
3429896726	13	10	6	2019	2	5.4698270135722336
3584635349	1	1	6	2019	1	93.53485731547863
3584635349	1	1	6	2019	2	5.617607443618474
3584635349	1	2	6	2019	1	79.32960559121821
3584635349	1	2	6	2019	2	6.780309541357331
3584635349	1	3	6	2019	1	93.25097396775928
3584635349	1	3	6	2019	2	5.852129212699068
3584635349	1	4	6	2019	1	92.4534370185973
3584635349	1	4	6	2019	2	5.435173503097449
3584635349	1	5	6	2019	1	91.72093810778591
3584635349	1	5	6	2019	2	5.582388670970508
3584635349	1	6	6	2019	1	87.52275165126862
3584635349	1	6	6	2019	2	5.899953660719324
3584635349	1	7	6	2019	1	92.40262988088212
3584635349	1	7	6	2019	2	5.867521831927201
3584635349	1	8	6	2019	1	93.04629346729571
3584635349	1	8	6	2019	2	6.0839611218039895
3584635349	1	9	6	2019	1	79.13665759885107
3584635349	1	9	6	2019	2	7.185614078976576
3584635349	1	10	6	2019	1	93.00352452014806
3584635349	1	10	6	2019	2	5.971938071325054
3601108735	19	1	6	2019	1	99.93992711560453
3601108735	19	1	6	2019	2	7.92005124838257
3601108735	19	2	6	2019	1	68.29827955826852
3601108735	19	2	6	2019	2	4.702441660751387
3601108735	19	3	6	2019	1	98.9712558081109
3601108735	19	3	6	2019	2	8.451468962029123
3601108735	19	4	6	2019	1	98.66502835829462
3601108735	19	4	6	2019	2	8.445705822992375
3601108735	19	5	6	2019	1	102.12603265057098
3601108735	19	5	6	2019	2	8.54127998644969
3601108735	19	6	6	2019	1	103.29180523544224
3601108735	19	6	6	2019	2	8.593467619841563
3601108735	19	7	6	2019	1	103.5114967036962
3601108735	19	7	6	2019	2	8.86958519524861
3601108735	19	8	6	2019	1	103.54110464477472
3601108735	19	8	6	2019	2	8.865437727266679
3601108735	19	9	6	2019	1	63.145903285031956
3601108735	19	9	6	2019	2	5.489824668674836
3601108735	19	10	6	2019	1	98.54908436936299
3601108735	19	10	6	2019	2	8.947466182206371
3630455426	3	1	6	2019	1	98.03722653846836
3630455426	3	1	6	2019	2	12.403811899873434
3630455426	3	2	6	2019	1	25.007926453169308
3630455426	3	2	6	2019	2	3.114043659655987
3630455426	3	3	6	2019	1	105.82428751851003
3630455426	3	3	6	2019	2	12.344461246377463
3630455426	3	4	6	2019	1	96.41229903709126
3630455426	3	4	6	2019	2	11.967943472484691
3630455426	3	5	6	2019	1	93.85866345638368
3630455426	3	5	6	2019	2	11.710505853816807
3630455426	3	6	6	2019	1	85.4162818008875
3630455426	3	6	6	2019	2	11.122162863473816
3630455426	3	7	6	2019	1	84.65242168978685
3630455426	3	7	6	2019	2	10.44269257499037
3630455426	3	8	6	2019	1	87.98259431332345
3630455426	3	8	6	2019	2	10.206501643394446
3630455426	3	9	6	2019	1	22.679036266558523
3630455426	3	9	6	2019	2	3.377028284319526
3630455426	3	10	6	2019	1	84.7794990220048
3630455426	3	10	6	2019	2	9.571181481530164
3664353527	4	1	6	2019	1	21.613904800265086
3664353527	4	1	6	2019	2	6.548572007806638
3664353527	4	2	6	2019	1	0.0
3664353527	4	2	6	2019	2	0.005555555555555556
3664353527	4	3	6	2019	1	25.534126018181144
3664353527	4	3	6	2019	2	6.951573092501637
3664353527	4	4	6	2019	1	25.541877776656598
3664353527	4	4	6	2019	2	5.482650144778486
3664353527	4	5	6	2019	1	24.58087298290375
3664353527	4	5	6	2019	2	5.67631043444093
3664353527	4	6	6	2019	1	22.209393209387795
3664353527	4	6	6	2019	2	5.593333940645715
3664353527	4	7	6	2019	1	21.36544328757758
3664353527	4	7	6	2019	2	5.3801951052171795
3664353527	4	8	6	2019	1	22.415011809677264
3664353527	4	8	6	2019	2	5.81433497969529
3664353527	4	9	6	2019	1	0.0
3664353527	4	9	6	2019	2	0.005555555555555556
3664353527	4	10	6	2019	1	17.616257588124448
3664353527	4	10	6	2019	2	6.085460266894081
3838095733	12	1	6	2019	1	141.95459750827092
3838095733	12	1	6	2019	2	9.341200833446404
3838095733	12	2	6	2019	1	88.35391259149344
3838095733	12	2	6	2019	2	7.444049866615011
3838095733	12	3	6	2019	1	134.260275647684
3838095733	12	3	6	2019	2	10.207612255125015
3838095733	12	4	6	2019	1	130.93972636028838
3838095733	12	4	6	2019	2	10.034871564090505
3838095733	12	5	6	2019	1	132.56542555488468
3838095733	12	5	6	2019	2	9.873507992126607
3838095733	12	6	6	2019	1	128.97737156140644
3838095733	12	6	6	2019	2	8.333305032965997
3838095733	12	7	6	2019	1	115.34483778693787
3838095733	12	7	6	2019	2	7.481041111068315
3838095733	12	8	6	2019	1	117.84692465094676
3838095733	12	8	6	2019	2	6.885923349271691
3838095733	12	9	6	2019	1	90.44560306768395
3838095733	12	9	6	2019	2	7.125148927684664
3838095733	12	10	6	2019	1	106.76169919156784
3838095733	12	10	6	2019	2	6.670445206517956
3879892844	6	1	6	2019	1	87.97332781205367
3879892844	6	1	6	2019	2	7.320510011595735
3879892844	6	2	6	2019	1	54.83859319045677
3879892844	6	2	6	2019	2	3.1923835180312974
3879892844	6	3	6	2019	1	86.89473674176777
3879892844	6	3	6	2019	2	7.5345713156164935
3879892844	6	4	6	2019	1	82.62067163762529
3879892844	6	4	6	2019	2	7.451402428375345
3879892844	6	5	6	2019	1	85.06845046946522
3879892844	6	5	6	2019	2	7.583654301502219
3879892844	6	6	6	2019	1	81.9897520321526
3879892844	6	6	6	2019	2	7.816197536045455
3879892844	6	7	6	2019	1	78.01796136775164
3879892844	6	7	6	2019	2	8.01278452507981
3879892844	6	8	6	2019	1	73.84996055406583
3879892844	6	8	6	2019	2	8.079238347809367
3879892844	6	9	6	2019	1	48.84242744644075
3879892844	6	9	6	2019	2	3.450456432136733
3879892844	6	10	6	2019	1	71.28082686081122
3879892844	6	10	6	2019	2	7.739209318295142
4023965915	5	1	6	2019	1	62.56679983226266
4023965915	5	1	6	2019	2	5.445991004824208
4023965915	5	2	6	2019	1	30.338099793588757
4023965915	5	2	6	2019	2	4.1812706109840825
4023965915	5	3	6	2019	1	60.05659280923751
4023965915	5	3	6	2019	2	7.413455999882473
4023965915	5	4	6	2019	1	59.49440150013812
4023965915	5	4	6	2019	2	7.3241590337766835
4023965915	5	5	6	2019	1	59.462261175915565
4023965915	5	5	6	2019	2	7.164504733420175
4023965915	5	6	6	2019	1	58.227656611942415
4023965915	5	6	6	2019	2	6.5611803115185445
4023965915	5	7	6	2019	1	58.22941652563982
4023965915	5	7	6	2019	2	6.448674581137815
4023965915	5	8	6	2019	1	60.35523326935361
4023965915	5	8	6	2019	2	5.4343275582132025
4023965915	5	9	6	2019	1	28.745567627633818
4023965915	5	9	6	2019	2	2.763292840826373
4023965915	5	10	6	2019	1	59.644045809195944
4023965915	5	10	6	2019	2	5.903664519862661
4029676141	2	1	6	2019	1	65.98063310055954
4029676141	2	1	6	2019	2	5.483853233852836
4029676141	2	2	6	2019	1	28.684110313061538
4029676141	2	2	6	2019	2	3.0850090652631748
4029676141	2	3	6	2019	1	64.43836339722367
4029676141	2	3	6	2019	2	5.735656542600098
4029676141	2	4	6	2019	1	64.24567268515797
4029676141	2	4	6	2019	2	5.003747971990171
4029676141	2	5	6	2019	1	64.86417455502016
4029676141	2	5	6	2019	2	4.963129074075221
4029676141	2	6	6	2019	1	60.542809487489656
4029676141	2	6	6	2019	2	4.744980419497318
4029676141	2	7	6	2019	1	56.00654446574663
4029676141	2	7	6	2019	2	4.69083928612089
4029676141	2	8	6	2019	1	52.835806115066546
4029676141	2	8	6	2019	2	4.521226615294984
4029676141	2	9	6	2019	1	26.6583024966949
4029676141	2	9	6	2019	2	3.198915958553124
4029676141	2	10	6	2019	1	50.149846903096886
4029676141	2	10	6	2019	2	4.557306885439102
4238406808	15	1	6	2019	1	137.1924081732251
4238406808	15	1	6	2019	2	11.737180247727856
4238406808	15	2	6	2019	1	33.09098241031414
4238406808	15	2	6	2019	2	4.062333982741818
4238406808	15	3	6	2019	1	150.12797468840924
4238406808	15	3	6	2019	2	11.728430247727855
4238406808	15	4	6	2019	1	152.82692004901273
4238406808	15	4	6	2019	2	11.66486531266292
4238406808	15	5	6	2019	1	152.26323995133262
4238406808	15	5	6	2019	2	11.198168786966393
4238406808	15	6	6	2019	1	148.08958374642643
4238406808	15	6	6	2019	2	10.575678978164085
4238406808	15	7	6	2019	1	139.0123033188646
4238406808	15	7	6	2019	2	8.74246589843765
4238406808	15	8	6	2019	1	135.30869720071806
4238406808	15	8	6	2019	2	8.447054171275923
4238406808	15	9	6	2019	1	28.72801958935887
4238406808	15	9	6	2019	2	3.467988077801788
4238406808	15	10	6	2019	1	108.09326813305374
4238406808	15	10	6	2019	2	7.988458003554755
4258785446	10	1	6	2019	1	76.7835696818017
4258785446	10	1	6	2019	2	6.425036698689516
4258785446	10	2	6	2019	1	57.68819462445448
4258785446	10	2	6	2019	2	4.36142481133972
4258785446	10	3	6	2019	1	70.66186206481427
4258785446	10	3	6	2019	2	6.856853528226189
4258785446	10	4	6	2019	1	72.77187846102127
4258785446	10	4	6	2019	2	6.791982320866015
4258785446	10	5	6	2019	1	75.3342733181851
4258785446	10	5	6	2019	2	6.6661625470940375
4258785446	10	6	6	2019	1	71.94611276674821
4258785446	10	6	6	2019	2	6.478068717105552
4258785446	10	7	6	2019	1	70.42752970702756
4258785446	10	7	6	2019	2	6.235189136512425
4258785446	10	8	6	2019	1	65.90541029277311
4258785446	10	8	6	2019	2	6.179465874072248
4258785446	10	9	6	2019	1	54.849791752092315
4258785446	10	9	6	2019	2	4.232519733788556
4258785446	10	10	6	2019	1	59.90273241219562
4258785446	10	10	6	2019	2	6.042422791193399
4264239603	11	1	6	2019	1	74.28937851323516
4264239603	11	1	6	2019	2	6.671859193352228
4264239603	11	2	6	2019	1	56.3408332746115
4264239603	11	2	6	2019	2	5.252897426785232
4264239603	11	3	6	2019	1	67.86980905139325
4264239603	11	3	6	2019	2	7.158863574404994
4264239603	11	4	6	2019	1	69.04916465414533
4264239603	11	4	6	2019	2	6.79514098531108
4264239603	11	5	6	2019	1	90.07295093684718
4264239603	11	5	6	2019	2	6.8155857285838035
4264239603	11	6	6	2019	1	89.60855313618293
4264239603	11	6	6	2019	2	6.547523179978298
4264239603	11	7	6	2019	1	77.96438573077683
4264239603	11	7	6	2019	2	7.147931365948676
4264239603	11	8	6	2019	1	73.2521273282746
4264239603	11	8	6	2019	2	7.251115698772712
4264239603	11	9	6	2019	1	58.08991294693871
4264239603	11	9	6	2019	2	5.2904339116420545
4264239603	11	10	6	2019	1	65.40634864318689
4264239603	11	10	6	2019	2	7.401153791263335
